column,count,mean,std,min,max
JEEntryKey,37905,18228372.991294026,5630621.945179169,20151.0,20169568.0
JENumber,37905,18228372.991294026,5630621.945179169,20151.0,20169568.0
JEIdentifier,37905,18228372.991294026,5630621.945179169,20151.0,20169568.0
GLAccountNumber,37850,29372.425072655216,20950.00943722373,11845.0,86200.0
EffectiveDate,37905,42196.874475662844,214.73279548798453,41821.0,42551.0
EntryDate,37905,42195.87344677483,214.6936320278031,41815.0,42551.0
Debit,18951,2287.7508071176535,10192.356697295407,-160918.46,318505.8
Credit,18954,-2287.3887066416924,10163.688405665383,-318505.8,160918.46
Amount,37905,0.0,10431.81220266274,-318505.8,318505.8